plot_id,rep,block,range,column,entry,location,planting_date,trt,byd,yield,ndvi_033116,ndvi_040716,ndvi_041416,ndvi_050616,ptht_033116,ptht_040716,ptht_041416,ptht_050616
16BYD00001,1,1,1,1,KS081057-K-1,Rocky,9/17/15,Treated,5,2983,0.78,0.73,0.65,0.63,0.37,0.36,0.43,0.78
16BYD00002,1,1,1,2,Everest,Rocky,9/17/15,Treated,5,2553,0.85,0.78,0.74,0.76,0.45,0.52,0.55,0.76
16BYD00003,1,1,1,3,KS080093-M-1,Rocky,9/17/15,Treated,5,2430,0.76,0.76,0.79,0.7,0.39,0.44,0.49,0.76
16BYD00004,1,1,1,4,KS10DL0072-15,Rocky,9/17/15,Treated,10,2377,0.78,0.84,0.82,0.74,0.47,0.52,0.59,0.76
16BYD00005,1,1,1,5,Art,Rocky,9/17/15,Treated,10,2501,0.78,0.76,0.68,0.68,0.38,0.41,0.47,0.76
16BYD00006,1,1,1,6,KS080076-M-5,Rocky,9/17/15,Treated,0,2481,0.76,0.73,0.8,0.7,0.4,0.43,0.5,0.76
16BYD00007,1,1,1,7,KS10DH0084-2,Rocky,9/17/15,Treated,5,2508,0.88,0.83,0.76,0.71,0.4,0.44,0.49,0.76
16BYD00008,1,1,1,8,KS10DH0003-12,Rocky,9/17/15,Treated,10,2427,0.83,0.79,0.75,0.75,0.41,0.46,0.51,0.79
16BYD00009,1,1,1,9,T158,Rocky,9/17/15,Treated,5,3098,0.86,0.76,0.76,0.69,0.43,0.46,0.53,0.8
16BYD00010,1,1,1,10,KS080932-M-3,Rocky,9/17/15,Treated,0,1160,0.84,0.77,0.74,0.72,0.43,0.46,0.44,0.76
16BYD00011,1,1,1,11,KS081078-M-3,Rocky,9/17/15,Treated,10,4671,0.84,0.76,0.87,0.77,0.46,0.49,0.54,0.82
16BYD00012,1,1,1,12,KS080315-K-5,Rocky,9/17/15,Treated,10,2908,0.88,0.75,0.75,0.77,0.39,0.43,0.51,0.76
16BYD00013,1,1,1,13,KS080093-M-18,Rocky,9/17/15,Treated,5,2874,0.83,0.78,0.67,0.69,0.4,0.38,0.41,0.76
16BYD00014,1,1,1,14,KS080234-M-11,Rocky,9/17/15,Treated,10,1723,0.8,0.86,0.74,0.73,0.38,0.45,0.48,0.81
16BYD00015,1,1,2,14,KS080080-M-17,Rocky,9/17/15,Treated,5,3551,0.76,0.72,0.62,0.66,0.46,0.49,0.54,0.76
16BYD00016,1,1,2,13,Art,Rocky,9/17/15,Treated,10,4112,0.69,0.78,0.71,0.69,0.37,0.37,0.43,0.77
16BYD00017,1,1,2,12,KS081079-K-9,Rocky,9/17/15,Treated,5,3016,0.73,0.85,0.81,0.78,0.44,0.45,0.54,0.84
16BYD00018,1,1,2,11,KS080655-M-4,Rocky,9/17/15,Treated,5,3061,0.66,0.73,0.65,0.68,0.37,0.43,0.43,0.76
16BYD00019,1,1,2,10,V-1863,Rocky,9/17/15,Treated,10,2507,0.82,0.83,0.77,0.75,0.4,0.43,0.43,0.76
16BYD00020,1,1,2,9,KS080669-K-2,Rocky,9/17/15,Treated,0,3231,0.49,0.58,0.65,0.58,0.39,0.35,0.45,0.72
16BYD00021,1,1,2,8,KS080881-K-3,Rocky,9/17/15,Treated,5,2849,0.78,0.82,0.77,0.67,0.44,0.5,0.57,0.76
16BYD00022,1,1,2,7,KS080554-K-2,Rocky,9/17/15,Treated,5,2272,0.76,0.77,0.83,0.66,0.44,0.5,0.55,0.77
16BYD00023,1,1,2,6,Everest,Rocky,9/17/15,Treated,0,3100,0.79,0.79,0.78,0.75,0.42,0.51,0.58,0.76
16BYD00024,1,1,2,5,KS080382-K-8,Rocky,9/17/15,Treated,5,2567,0.69,0.8,0.78,0.73,0.44,0.48,0.52,0.76
16BYD00025,1,1,2,4,KS080655-K-2,Rocky,9/17/15,Treated,5,2553,0.77,0.8,0.82,0.74,0.46,0.49,0.59,0.8
16BYD00026,1,1,2,3,KS080080-M-14,Rocky,9/17/15,Treated,10,3059,0.8,0.8,0.71,0.63,0.49,0.46,0.53,0.76
16BYD00027,1,1,2,2,KS080426-M-7,Rocky,9/17/15,Treated,5,2120,0.76,0.79,0.8,0.78,0.39,0.43,0.47,0.76
16BYD00028,1,1,2,1,KANMARK,Rocky,9/17/15,Treated,5,2458,0.68,0.72,0.73,0.68,0.33,0.29,0.36,0.76
16BYD00029,1,1,3,1,Art,Rocky,9/17/15,Treated,10,2049,0.69,0.61,0.73,0.76,0.35,0.32,0.38,0.76
16BYD00030,1,1,3,2,KS080099-M-9,Rocky,9/17/15,Treated,5,3383,0.81,0.81,0.8,0.77,0.42,0.46,0.53,0.76
16BYD00031,1,1,3,3,Everest,Rocky,9/17/15,Treated,0,2943,0.72,0.81,0.7,0.74,0.42,0.43,0.5,0.77
16BYD00032,1,1,3,4,KS080655-M-2,Rocky,9/17/15,Treated,5,1788,0.84,0.78,0.79,0.68,0.39,0.44,0.49,0.76
16BYD00033,1,1,3,5,KS081079-K-6,Rocky,9/17/15,Treated,5,2329,0.82,0.73,0.75,0.67,0.38,0.43,0.49,0.76
16BYD00034,1,1,3,6,KS080099-M-3,Rocky,9/17/15,Treated,5,2654,0.81,0.82,0.87,0.76,0.42,0.49,0.54,0.76
16BYD00035,1,1,3,7,WB4458,Rocky,9/17/15,Treated,5,2759,0.73,0.7,0.66,0.77,0.37,0.37,0.41,0.76
16BYD00036,1,1,3,8,KS10DH0084-42,Rocky,9/17/15,Treated,10,2239,0.81,0.83,0.78,0.74,0.38,0.43,0.47,0.76
16BYD00037,1,1,3,9,KS10DH0084-7,Rocky,9/17/15,Treated,5,3182,0.84,0.83,0.73,0.67,0.37,0.4,0.43,0.75
16BYD00038,1,1,3,10,KS080139-K-5,Rocky,9/17/15,Treated,5,2645,0.74,0.77,0.8,0.73,0.52,0.54,0.57,0.76
16BYD00039,1,1,3,11,KS080045-M-1,Rocky,9/17/15,Treated,0,2764,0.74,0.81,0.63,0.64,0.37,0.38,0.4,0.76
16BYD00040,1,1,3,12,LCS-WIZARD,Rocky,9/17/15,Treated,0,3021,0.84,0.77,0.78,0.73,0.42,0.48,0.53,0.76
16BYD00041,1,1,3,13,KS081098-M-7,Rocky,9/17/15,Treated,5,2861,0.84,0.69,0.79,0.78,0.44,0.49,0.53,0.77
16BYD00042,1,1,3,14,KS080597-M-4,Rocky,9/17/15,Treated,5,3535,0.79,0.82,0.79,0.74,0.42,0.45,0.51,0.76
16BYD00043,1,1,4,14,KS080851-K-1,Rocky,9/17/15,Treated,0,3092,0.71,0.72,0.79,0.76,0.37,0.44,0.47,0.82
16BYD00044,1,1,4,13,LCS-MINT,Rocky,9/17/15,Treated,5,3239,0.82,0.84,0.73,0.71,0.39,0.44,0.53,0.86
16BYD00045,1,1,4,12,Everest,Rocky,9/17/15,Treated,0,2795,0.77,0.84,0.74,0.77,0.45,0.48,0.55,0.79
16BYD00046,1,1,4,11,KS080144-M-6,Rocky,9/17/15,Treated,5,2549,0.79,0.74,0.7,0.71,0.45,0.49,0.51,0.76
16BYD00047,1,1,4,10,Art,Rocky,9/17/15,Treated,10,2831,0.71,0.78,0.71,0.73,0.41,0.48,0.5,0.76
16BYD00048,1,1,4,9,KS081098-K-2,Rocky,9/17/15,Treated,5,2602,0.74,0.76,0.8,0.58,0.39,0.4,0.48,0.77
16BYD00049,1,1,4,8,KS080382-M-17,Rocky,9/17/15,Treated,5,3687,0.7,0.72,0.69,0.78,0.43,0.49,0.51,0.76
16BYD00050,1,1,4,7,KS10DH0068-9,Rocky,9/17/15,Treated,5,2374,0.81,0.78,0.7,0.56,0.39,0.42,0.48,0.76
16BYD00051,1,1,4,6,KS080093-K-18,Rocky,9/17/15,Treated,5,2976,0.85,0.85,0.73,0.75,0.41,0.46,0.51,0.77
16BYD00052,1,1,4,5,KS080999-M-4,Rocky,9/17/15,Treated,5,2499,0.67,0.66,0.69,0.66,0.37,0.38,0.45,0.76
16BYD00053,1,1,4,4,KS080363-M-1,Rocky,9/17/15,Treated,5,2944,0.78,0.72,0.74,0.72,0.42,0.45,0.52,0.76
16BYD00054,1,1,4,3,SY-MONUMENT,Rocky,9/17/15,Treated,0,2612,0.84,0.77,0.79,0.77,0.37,0.36,0.45,0.76
16BYD00055,1,1,4,2,KS081078-M-6,Rocky,9/17/15,Treated,10,2976,0.82,0.81,0.79,0.7,0.42,0.45,0.53,0.8
16BYD00056,1,1,4,1,KS080581-K-1,Rocky,9/17/15,Treated,5,2413,0.76,0.78,0.66,0.71,0.37,0.37,0.41,0.76
16BYD00057,1,1,5,1,Everest,Rocky,9/17/15,Treated,0,2178,0.77,0.72,0.76,0.68,0.37,0.41,0.49,0.77
16BYD00058,1,1,5,2,KS080159-M-1,Rocky,9/17/15,Treated,5,3104,0.82,0.77,0.78,0.76,0.4,0.4,0.57,0.76
16BYD00059,1,1,5,3,KS080030-M-10,Rocky,9/17/15,Treated,5,2102,0.77,0.74,0.71,0.72,0.47,0.45,0.55,0.8
16BYD00060,1,1,5,4,KS081098-K-3,Rocky,9/17/15,Treated,0,2751,0.73,0.84,0.75,0.74,0.41,0.45,0.52,0.78
16BYD00061,1,1,5,5,Art,Rocky,9/17/15,Treated,5,2582,0.73,0.76,0.67,0.71,0.39,0.42,0.48,0.77
16BYD00062,1,1,5,6,KS10DH0003-89,Rocky,9/17/15,Treated,5,2553,0.76,0.8,0.76,0.76,0.37,0.41,0.51,0.76
16BYD00063,1,1,5,7,KS10DH0003-107,Rocky,9/17/15,Treated,0,3243,0.77,0.82,0.71,0.77,0.4,0.41,0.44,0.76
16BYD00064,1,1,5,8,KS080051-M-1,Rocky,9/17/15,Treated,5,3112,0.87,0.88,0.8,0.73,0.42,0.45,0.51,0.77
16BYD00065,1,1,5,9,KS080698-M-10,Rocky,9/17/15,Treated,0,2952,0.8,0.71,0.71,0.61,0.4,0.42,0.5,0.76
16BYD00066,1,1,5,10,HOTROD,Rocky,9/17/15,Treated,0,3048,0.82,0.82,0.78,0.7,0.45,0.49,0.5,0.76
16BYD00067,1,1,5,11,KS080261-K-3,Rocky,9/17/15,Treated,5,3047,0.83,0.79,0.75,0.72,0.45,0.49,0.56,0.85
16BYD00068,1,1,5,12,KS081067-M-4,Rocky,9/17/15,Treated,0,3438,0.73,0.76,0.83,0.71,0.46,0.5,0.54,0.8
16BYD00069,1,1,5,13,LCS-PISTOL,Rocky,9/17/15,Treated,5,2975,0.89,0.81,0.8,0.76,0.4,0.46,0.51,0.76
16BYD00070,1,1,5,14,KS10DH0068-3,Rocky,9/17/15,Treated,5,2255,0.83,0.83,0.71,0.64,0.39,0.46,0.51,0.76
16BYD00071,1,1,6,14,KS080988-M-6,Rocky,9/17/15,Treated,5,2467,0.73,0.75,0.75,0.76,0.4,0.46,0.5,0.77
16BYD00072,1,1,6,13,KS080128-K-3,Rocky,9/17/15,Treated,0,3944,0.76,0.78,0.83,0.6,0.4,0.44,0.52,0.85
16BYD00073,1,1,6,12,KS081067-M-15,Rocky,9/17/15,Treated,0,3330,0.86,0.79,0.78,0.71,0.49,0.5,0.6,0.78
16BYD00074,1,1,6,11,KSOCW07S031T-K-14,Rocky,9/17/15,Treated,0,3663,0.77,0.86,0.75,0.77,0.43,0.42,0.53,0.8
16BYD00075,1,1,6,10,Art,Rocky,9/17/15,Treated,10,2554,0.82,0.77,0.76,0.68,0.4,0.45,0.45,0.75
16BYD00076,1,1,6,9,KS080448-K-1,Rocky,9/17/15,Treated,0,3472,0.81,0.84,0.83,0.72,0.4,0.42,0.58,0.77
16BYD00077,1,1,6,8,KS080906-M-3,Rocky,9/17/15,Treated,0,2868,0.82,0.75,0.8,0.78,0.4,0.42,0.56,0.76
16BYD00078,1,1,6,7,KS080942-K-3,Rocky,9/17/15,Treated,5,3179,0.77,0.84,0.82,0.75,0.42,0.46,0.56,0.77
16BYD00079,1,1,6,6,KS081069-M-5,Rocky,9/17/15,Treated,0,3600,0.81,0.78,0.77,0.63,0.38,0.43,0.47,0.76
16BYD00080,1,1,6,5,WB-CEDAR,Rocky,9/17/15,Treated,5,2908,0.83,0.83,0.83,0.73,0.43,0.43,0.54,0.76
16BYD00081,1,1,6,4,KS080679-K-3,Rocky,9/17/15,Treated,0,3423,0.86,0.84,0.77,0.79,0.46,0.51,0.57,0.76
16BYD00082,1,1,6,3,Everest,Rocky,9/17/15,Treated,0,2768,0.75,0.75,0.8,0.71,0.43,0.44,0.54,0.76
16BYD00083,1,1,6,2,KS080554-K-4,Rocky,9/17/15,Treated,5,2667,0.72,0.81,0.71,0.77,0.42,0.44,0.54,0.76
16BYD00084,1,1,6,1,KS080099-M-4,Rocky,9/17/15,Treated,5,2851,0.79,0.79,0.81,0.75,0.39,0.4,0.52,0.76
16BYD00085,1,2,7,1,KS080698-M-10,Rocky,9/17/15,Untreated,5,2940,0.68,0.72,0.67,0.64,0.4,0.43,0.51,0.77
16BYD00086,1,2,7,2,KS080234-M-11,Rocky,9/17/15,Untreated,25,1410,0.75,0.72,0.7,0.65,0.39,0.42,0.45,0.72
16BYD00087,1,2,7,3,WB4458,Rocky,9/17/15,Untreated,5,3918,0.68,0.66,0.71,0.69,0.37,0.35,0.41,0.8
16BYD00088,1,2,7,4,KS080669-K-2,Rocky,9/17/15,Untreated,5,2565,0.6,0.68,0.69,0.71,0.37,0.36,0.4,0.72
16BYD00089,1,2,7,5,KS080099-M-4,Rocky,9/17/15,Untreated,5,3187,0.81,0.81,0.74,0.68,0.41,0.46,0.51,0.76
16BYD00090,1,2,7,6,HOTROD,Rocky,9/17/15,Untreated,10,3607,0.78,0.78,0.75,0.67,0.39,0.48,0.5,0.76
16BYD00091,1,2,7,7,Art,Rocky,9/17/15,Untreated,30,1811,0.82,0.76,0.69,0.69,0.36,0.36,0.44,0.76
16BYD00092,1,2,7,8,KS081098-K-2,Rocky,9/17/15,Untreated,15,2682,0.85,0.82,0.84,0.72,0.46,0.49,0.56,0.76
16BYD00093,1,2,7,9,KS080099-M-3,Rocky,9/17/15,Untreated,5,2920,0.76,0.81,0.74,0.76,0.41,0.44,0.52,0.78
16BYD00094,1,2,7,10,KS080030-M-10,Rocky,9/17/15,Untreated,10,2639,0.8,0.81,0.75,0.68,0.49,0.51,0.55,0.79
16BYD00095,1,2,7,11,KS081078-M-3,Rocky,9/17/15,Untreated,20,1778,0.71,0.82,0.78,0.69,0.39,0.4,0.51,0.76
16BYD00096,1,2,7,12,KS080139-K-5,Rocky,9/17/15,Untreated,15,1123,0.82,0.79,0.71,0.7,0.51,0.53,0.55,0.77
16BYD00097,1,2,7,13,LCS-PISTOL,Rocky,9/17/15,Untreated,25,3507,0.84,0.72,0.69,0.63,0.38,0.42,0.46,0.74
16BYD00098,1,2,7,14,Everest,Rocky,9/17/15,Untreated,5,3075,0.87,0.88,0.78,0.76,0.44,0.52,0.57,0.81
16BYD00099,1,2,8,14,KS10DH0003-12,Rocky,9/17/15,Untreated,15,2645,0.78,0.75,0.67,0.74,0.4,0.46,0.47,0.77
16BYD00100,1,2,8,13,KS081079-K-9,Rocky,9/17/15,Untreated,15,2872,0.69,0.8,0.77,0.72,0.38,0.38,0.45,0.76
16BYD00101,1,2,8,12,KS080999-M-4,Rocky,9/17/15,Untreated,5,3128,0.78,0.73,0.83,0.71,0.38,0.49,0.46,0.76
16BYD00102,1,2,8,11,KS080261-K-3,Rocky,9/17/15,Untreated,10,2976,0.84,0.73,0.68,0.57,0.41,0.44,0.48,0.76
16BYD00103,1,2,8,10,KS080655-K-2,Rocky,9/17/15,Untreated,5,2694,0.82,0.82,0.85,0.8,0.43,0.49,0.52,0.8
16BYD00104,1,2,8,9,KS080051-M-1,Rocky,9/17/15,Untreated,15,2991,0.76,0.82,0.75,0.72,0.38,0.41,0.46,0.77
16BYD00105,1,2,8,8,KS080093-M-1,Rocky,9/17/15,Untreated,20,2731,0.77,0.82,0.77,0.74,0.38,0.41,0.45,0.76
16BYD00106,1,2,8,7,KS080128-K-3,Rocky,9/17/15,Untreated,15,2721,0.85,0.76,0.83,0.72,0.38,0.43,0.48,0.79
16BYD00107,1,2,8,6,KS10DH0003-107,Rocky,9/17/15,Untreated,20,2825,0.75,0.76,0.81,0.69,0.37,0.39,0.42,0.75
16BYD00108,1,2,8,5,KS10DH0068-9,Rocky,9/17/15,Untreated,10,2025,0.76,0.77,0.7,0.52,0.38,0.43,0.49,0.76
16BYD00109,1,2,8,4,Everest,Rocky,9/17/15,Untreated,25,NA,0.86,0.75,0.77,0.74,0.44,0.49,0.59,0.76
16BYD00110,1,2,8,3,KS080932-M-3,Rocky,9/17/15,Untreated,5,2161,0.78,0.69,0.73,0.7,0.47,0.48,0.54,0.76
16BYD00111,1,2,8,2,KS080080-M-14,Rocky,9/17/15,Untreated,20,2287,0.79,0.8,0.67,0.72,0.46,0.48,0.53,0.75
16BYD00112,1,2,8,1,Art,Rocky,9/17/15,Untreated,30,2139,0.76,0.72,0.75,0.68,0.38,0.39,0.46,0.76
16BYD00113,1,2,9,1,V-1863,Rocky,9/17/15,Untreated,20,1575,0.78,0.72,0.77,0.75,0.38,0.4,0.47,0.76
16BYD00114,1,2,9,2,KS080045-M-1,Rocky,9/17/15,Untreated,15,2470,0.77,0.66,0.7,0.72,0.37,0.37,0.39,0.76
16BYD00115,1,2,9,3,Art,Rocky,9/17/15,Untreated,40,2001,0.8,0.75,0.72,0.66,0.37,0.42,0.47,0.76
16BYD00116,1,2,9,4,KS080382-K-8,Rocky,9/17/15,Untreated,20,3782,0.76,0.79,0.64,0.73,0.43,0.47,0.5,0.76
16BYD00117,1,2,9,5,KS081079-K-6,Rocky,9/17/15,Untreated,20,3221,0.66,0.76,0.79,0.73,0.39,0.41,0.52,0.78
16BYD00118,1,2,9,6,WB-CEDAR,Rocky,9/17/15,Untreated,20,2647,0.86,0.77,0.7,0.76,0.42,0.49,0.53,0.76
16BYD00119,1,2,9,7,KS080315-K-5,Rocky,9/17/15,Untreated,30,1943,0.79,0.81,0.71,0.69,0.36,0.35,0.43,0.74
16BYD00120,1,2,9,8,KS080906-M-3,Rocky,9/17/15,Untreated,15,1933,0.73,0.75,0.72,0.78,0.38,0.43,0.47,0.78
16BYD00121,1,2,9,9,KS10DH0003-89,Rocky,9/17/15,Untreated,10,2844,0.85,0.74,0.71,0.73,0.37,0.38,0.46,0.76
16BYD00122,1,2,9,10,LCS-WIZARD,Rocky,9/17/15,Untreated,10,3157,0.75,0.7,0.7,0.67,0.38,0.44,0.45,0.76
16BYD00123,1,2,9,11,KSOCW07S031T-K-14,Rocky,9/17/15,Untreated,15,2825,0.76,0.72,0.7,0.69,0.39,0.41,0.47,0.76
16BYD00124,1,2,9,12,KS080554-K-4,Rocky,9/17/15,Untreated,25,3817,0.72,0.71,0.69,0.71,0.41,0.43,0.47,0.76
16BYD00125,1,2,9,13,Everest,Rocky,9/17/15,Untreated,15,2705,0.8,0.75,0.7,0.7,0.4,0.44,0.5,0.77
16BYD00126,1,2,9,14,KS10DL0072-15,Rocky,9/17/15,Untreated,15,2696,0.74,0.82,0.82,0.74,0.42,0.48,0.52,0.77
16BYD00127,1,2,10,14,KS080554-K-2,Rocky,9/17/15,Untreated,30,2100,0.77,0.73,0.69,0.62,0.41,0.47,0.49,0.76
16BYD00128,1,2,10,13,KS081098-M-7,Rocky,9/17/15,Untreated,35,2644,0.81,0.83,0.73,0.69,0.43,0.44,0.49,0.76
16BYD00129,1,2,10,12,KS080382-M-17,Rocky,9/17/15,Untreated,15,2946,0.83,0.85,0.75,0.68,0.4,0.43,0.42,0.76
16BYD00130,1,2,10,11,KS080581-K-1,Rocky,9/17/15,Untreated,5,2791,0.73,0.8,0.72,0.67,0.37,0.38,0.43,0.76
16BYD00131,1,2,10,10,SY-MONUMENT,Rocky,9/17/15,Untreated,20,2636,0.8,0.84,0.78,0.69,0.39,0.43,0.46,0.76
16BYD00132,1,2,10,9,KS10DH0068-3,Rocky,9/17/15,Untreated,20,1706,0.7,0.74,0.79,0.63,0.37,0.36,0.39,0.76
16BYD00133,1,2,10,8,KS080942-K-3,Rocky,9/17/15,Untreated,25,2587,0.85,0.84,0.78,0.69,0.41,0.45,0.5,0.77
16BYD00134,1,2,10,7,KS080426-M-7,Rocky,9/17/15,Untreated,35,2158,0.76,0.83,0.76,0.66,0.39,0.43,0.49,0.76
16BYD00135,1,2,10,6,KS081078-M-6,Rocky,9/17/15,Untreated,15,2277,0.71,0.69,0.8,0.71,0.37,0.41,0.47,0.76
16BYD00136,1,2,10,5,KS080655-M-4,Rocky,9/17/15,Untreated,15,2468,0.83,0.73,0.76,0.56,0.4,0.42,0.47,0.76
16BYD00137,1,2,10,4,Art,Rocky,9/17/15,Untreated,25,2955,0.67,0.71,0.72,0.72,0.38,0.43,0.44,0.76
16BYD00138,1,2,10,3,KS080881-K-3,Rocky,9/17/15,Untreated,15,2964,0.83,0.7,0.66,0.78,0.4,0.44,0.57,0.77
16BYD00139,1,2,10,2,T158,Rocky,9/17/15,Untreated,20,2580,0.79,0.84,0.75,0.62,0.4,0.42,0.47,0.76
16BYD00140,1,2,10,1,Everest,Rocky,9/17/15,Untreated,10,2188,0.84,0.83,0.74,0.66,0.38,0.43,0.48,0.76
16BYD00141,1,2,11,1,LCS-MINT,Rocky,9/17/15,Untreated,15,2203,0.76,0.72,0.71,0.72,0.36,0.36,0.42,0.76
16BYD00142,1,2,11,2,KS10DH0084-42,Rocky,9/17/15,Untreated,25,1497,0.78,0.67,0.71,0.74,0.36,0.38,0.39,0.74
16BYD00143,1,2,11,3,KS080080-M-17,Rocky,9/17/15,Untreated,15,3055,0.78,0.73,0.72,0.67,0.43,0.49,0.53,0.76
16BYD00144,1,2,11,4,KS081067-M-4,Rocky,9/17/15,Untreated,20,2931,0.83,0.8,0.8,0.7,0.42,0.44,0.51,0.76
16BYD00145,1,2,11,5,Art,Rocky,9/17/15,Untreated,35,2493,0.62,0.67,0.61,0.63,0.36,0.34,0.37,0.76
16BYD00146,1,2,11,6,KS080597-M-4,Rocky,9/17/15,Untreated,15,2920,0.69,0.73,0.65,0.72,0.39,0.44,0.48,0.75
16BYD00147,1,2,11,7,KS080988-M-6,Rocky,9/17/15,Untreated,20,1564,0.7,0.71,0.67,0.62,0.37,0.36,0.4,0.76
16BYD00148,1,2,11,8,Everest,Rocky,9/17/15,Untreated,15,3190,0.71,0.7,0.76,0.71,0.39,0.44,0.45,0.76
16BYD00149,1,2,11,9,KS081057-K-1,Rocky,9/17/15,Untreated,20,1930,0.82,0.83,0.68,0.69,0.37,0.39,0.47,0.8
16BYD00150,1,2,11,10,KS080655-M-2,Rocky,9/17/15,Untreated,15,2495,0.83,0.79,0.85,0.7,0.38,0.42,0.45,0.75
16BYD00151,1,2,11,11,KS10DH0084-2,Rocky,9/17/15,Untreated,20,2479,0.8,0.76,0.79,0.7,0.37,0.36,0.41,0.76
16BYD00152,1,2,11,12,KS080679-K-3,Rocky,9/17/15,Untreated,25,1575,0.8,0.83,0.81,0.72,0.4,0.45,0.48,0.76
16BYD00153,1,2,11,13,KS080448-K-1,Rocky,9/17/15,Untreated,35,3093,0.82,0.72,0.75,0.71,0.38,0.39,0.47,0.76
16BYD00154,1,2,11,14,KS080093-K-18,Rocky,9/17/15,Untreated,30,3394,0.82,0.86,0.67,0.74,0.4,0.41,0.42,0.76
16BYD00155,1,2,12,14,KS10DH0084-7,Rocky,9/17/15,Untreated,20,1489,0.72,0.68,0.81,0.64,0.37,0.35,0.37,0.75
16BYD00156,1,2,12,13,KS080076-M-5,Rocky,9/17/15,Untreated,10,2898,0.68,0.72,0.66,0.7,0.35,0.34,0.37,0.75
16BYD00157,1,2,12,12,KS081098-K-3,Rocky,9/17/15,Untreated,25,2442,0.78,0.74,0.77,0.68,0.39,0.42,0.47,0.76
16BYD00158,1,2,12,11,KS080099-M-9,Rocky,9/17/15,Untreated,15,1941,0.83,0.76,0.69,0.74,0.38,0.41,0.43,0.76
16BYD00159,1,2,12,10,KS080363-M-1,Rocky,9/17/15,Untreated,35,2619,0.64,0.75,0.72,0.63,0.37,0.4,0.39,0.76
16BYD00160,1,2,12,9,KS080159-M-1,Rocky,9/17/15,Untreated,35,3175,0.76,0.71,0.72,0.71,0.38,0.39,0.47,0.76
16BYD00161,1,2,12,8,KS081069-M-5,Rocky,9/17/15,Untreated,10,2844,0.85,0.84,0.72,0.69,0.37,0.39,0.44,0.76
16BYD00162,1,2,12,7,KS080144-M-6,Rocky,9/17/15,Untreated,20,2835,0.67,0.65,0.75,0.61,0.37,0.43,0.44,0.75
16BYD00163,1,2,12,6,Art,Rocky,9/17/15,Untreated,60,2985,0.79,0.75,0.76,0.67,0.35,0.3,0.36,0.75
16BYD00164,1,2,12,5,KANMARK,Rocky,9/17/15,Untreated,5,3337,0.77,0.64,0.75,0.6,0.35,0.3,0.36,0.76
16BYD00165,1,2,12,4,KS081067-M-15,Rocky,9/17/15,Untreated,5,3395,0.66,0.62,0.56,0.73,0.39,0.41,0.49,0.76
16BYD00166,1,2,12,3,KS080093-M-18,Rocky,9/17/15,Untreated,40,3070,0.69,0.78,0.69,0.7,0.36,0.34,0.4,0.76
16BYD00167,1,2,12,2,Everest,Rocky,9/17/15,Untreated,20,2398,0.74,0.73,0.7,0.69,0.38,0.38,0.4,0.76
16BYD00168,1,2,12,1,KS080851-K-1,Rocky,9/17/15,Untreated,35,2462,0.61,0.62,0.59,0.62,0.32,0.33,0.38,0.77
16BYD00169,2,3,13,1,KS081079-K-6,Rocky,9/17/15,Treated,5,3822,0.67,0.7,0.62,0.63,0.27,0.28,0.36,0.76
16BYD00170,2,3,13,2,KS080906-M-3,Rocky,9/17/15,Treated,0,3736,0.63,0.66,0.58,0.68,0.31,0.29,0.36,0.76
16BYD00171,2,3,13,3,V-1863,Rocky,9/17/15,Treated,5,NA,0.58,0.61,0.62,0.62,0.35,0.33,0.37,0.76
16BYD00172,2,3,13,4,KS080045-M-1,Rocky,9/17/15,Treated,5,3346,0.64,0.58,0.63,0.7,0.31,0.3,0.36,0.76
16BYD00173,2,3,13,5,Art,Rocky,9/17/15,Treated,10,3286,0.65,0.75,0.71,0.69,0.36,0.32,0.37,0.76
16BYD00174,2,3,13,6,KS080159-M-1,Rocky,9/17/15,Treated,10,3431,0.82,0.79,0.74,0.74,0.41,0.44,0.5,0.76
16BYD00175,2,3,13,7,KS080030-M-10,Rocky,9/17/15,Treated,10,3208,0.66,0.71,0.59,0.65,0.37,0.41,0.39,0.76
16BYD00176,2,3,13,8,KS080093-M-1,Rocky,9/17/15,Treated,10,4176,0.82,0.83,0.71,0.72,0.37,0.42,0.43,0.79
16BYD00177,2,3,13,9,KS080851-K-1,Rocky,9/17/15,Treated,5,3261,0.71,0.71,0.74,0.59,0.35,0.32,0.38,0.81
16BYD00178,2,3,13,10,KS080942-K-3,Rocky,9/17/15,Treated,10,3572,0.83,0.8,0.8,0.62,0.44,0.47,0.49,0.76
16BYD00179,2,3,13,11,KS080426-M-7,Rocky,9/17/15,Treated,10,2944,0.84,0.71,0.76,0.65,0.38,0.42,0.46,0.76
16BYD00180,2,3,13,12,KS081078-M-3,Rocky,9/17/15,Treated,5,2124,0.7,0.82,0.74,0.64,0.39,0.39,0.45,0.76
16BYD00181,2,3,13,13,KS080128-K-3,Rocky,9/17/15,Treated,0,3140,0.73,0.74,0.79,0.71,0.36,0.36,0.43,0.76
16BYD00182,2,3,13,14,Everest,Rocky,9/17/15,Treated,5,3500,0.67,0.7,0.73,0.7,0.39,0.44,0.49,0.76
16BYD00183,2,3,14,14,KS080315-K-5,Rocky,9/17/15,Treated,10,1734,0.86,0.73,0.8,0.75,0.37,0.42,0.45,0.75
16BYD00184,2,3,14,13,WB-CEDAR,Rocky,9/17/15,Treated,10,6759,0.73,0.75,0.79,0.61,0.38,0.4,0.45,0.76
16BYD00185,2,3,14,12,KS10DH0084-42,Rocky,9/17/15,Treated,10,2947,0.79,0.69,0.69,0.7,0.38,0.38,0.38,0.76
16BYD00186,2,3,14,11,LCS-MINT,Rocky,9/17/15,Treated,0,2885,0.69,0.79,0.62,0.67,0.37,0.4,0.41,0.76
16BYD00187,2,3,14,10,KS080080-M-14,Rocky,9/17/15,Treated,10,4244,0.82,0.81,0.82,0.7,0.41,0.45,0.45,0.77
16BYD00188,2,3,14,9,KS080093-K-18,Rocky,9/17/15,Treated,5,4342,0.75,0.72,0.7,0.67,0.36,0.35,0.4,0.77
16BYD00189,2,3,14,8,KS080093-M-18,Rocky,9/17/15,Treated,0,3913,0.67,0.71,0.76,0.74,0.37,0.36,0.39,0.76
16BYD00190,2,3,14,7,Everest,Rocky,9/17/15,Treated,0,3154,0.65,0.76,0.61,0.49,0.38,0.42,0.42,0.76
16BYD00191,2,3,14,6,Art,Rocky,9/17/15,Treated,10,3676,0.68,0.67,0.61,0.78,0.36,0.35,0.4,0.76
16BYD00192,2,3,14,5,KS081057-K-1,Rocky,9/17/15,Treated,0,3830,0.76,0.72,0.61,0.73,0.37,0.41,0.46,0.81
16BYD00193,2,3,14,4,KS080139-K-5,Rocky,9/17/15,Treated,5,3323,0.65,0.73,0.66,0.62,0.42,0.44,0.48,0.76
16BYD00194,2,3,14,3,KSOCW07S031T-K-14,Rocky,9/17/15,Treated,5,NA,0.77,0.64,0.63,0.75,0.37,0.4,0.43,0.76
16BYD00195,2,3,14,2,KS10DH0068-3,Rocky,9/17/15,Treated,5,2910,0.74,0.69,0.55,0.66,0.36,0.34,0.37,0.76
16BYD00196,2,3,14,1,KS080999-M-4,Rocky,9/17/15,Treated,0,3980,0.76,0.64,0.66,0.71,0.34,0.3,0.37,0.76
16BYD00197,2,3,15,1,KS081078-M-6,Rocky,9/17/15,Treated,5,3013,0.63,0.61,0.65,0.68,0.35,0.33,0.36,0.76
16BYD00198,2,3,15,2,Art,Rocky,9/17/15,Treated,15,3257,0.66,0.65,0.59,0.65,0.35,0.36,0.39,0.76
16BYD00199,2,3,15,3,KS080099-M-4,Rocky,9/17/15,Treated,0,4178,0.77,0.69,0.7,0.76,0.37,0.4,0.43,0.76
16BYD00200,2,3,15,4,LCS-PISTOL,Rocky,9/17/15,Treated,5,4001,0.84,0.82,0.61,0.56,0.37,0.38,0.41,0.76
16BYD00201,2,3,15,5,KS080679-K-3,Rocky,9/17/15,Treated,5,4213,0.81,0.74,0.75,0.75,0.37,0.38,0.46,0.76
16BYD00202,2,3,15,6,KS080448-K-1,Rocky,9/17/15,Treated,5,2944,0.69,0.79,0.71,0.72,0.38,0.38,0.41,0.76
16BYD00203,2,3,15,7,T158,Rocky,9/17/15,Treated,5,3045,0.81,0.81,0.78,0.63,0.37,0.39,0.44,0.76
16BYD00204,2,3,15,8,KS081079-K-9,Rocky,9/17/15,Treated,5,3253,0.81,0.8,0.78,0.69,0.38,0.42,0.45,0.76
16BYD00205,2,3,15,9,KS080099-M-9,Rocky,9/17/15,Treated,5,2818,0.86,0.75,0.66,0.74,0.38,0.38,0.44,0.76
16BYD00206,2,3,15,10,LCS-WIZARD,Rocky,9/17/15,Treated,5,4984,0.69,0.76,0.79,0.7,0.4,0.42,0.48,0.76
16BYD00207,2,3,15,11,KS080099-M-3,Rocky,9/17/15,Treated,0,3669,0.87,0.81,0.78,0.74,0.39,0.39,0.43,0.76
16BYD00208,2,3,15,12,Everest,Rocky,9/17/15,Treated,0,3494,0.7,0.86,0.74,0.72,0.41,0.45,0.53,0.86
16BYD00209,2,3,15,13,KS081098-M-7,Rocky,9/17/15,Treated,5,3367,0.81,0.79,0.7,0.71,0.38,0.41,0.45,0.77
16BYD00210,2,3,15,14,KS081098-K-3,Rocky,9/17/15,Treated,10,3399,0.72,0.83,0.76,0.76,0.4,0.4,0.48,0.77
16BYD00211,2,3,16,14,Art,Rocky,9/17/15,Treated,15,2657,0.84,0.73,0.77,0.71,0.37,0.34,0.37,0.76
16BYD00212,2,3,16,13,KS10DH0084-7,Rocky,9/17/15,Treated,5,4825,0.81,0.7,0.71,0.7,0.34,0.33,0.37,0.76
16BYD00213,2,3,16,12,KS080655-K-2,Rocky,9/17/15,Treated,0,4807,0.86,0.69,0.73,0.75,0.4,0.46,0.51,0.85
16BYD00214,2,3,16,11,KS080382-K-8,Rocky,9/17/15,Treated,5,3637,0.64,0.68,0.59,0.7,0.37,0.34,0.38,0.76
16BYD00215,2,3,16,10,Everest,Rocky,9/17/15,Treated,5,4136,0.68,0.76,0.73,0.76,0.41,0.46,0.47,0.77
16BYD00216,2,3,16,9,KS080554-K-4,Rocky,9/17/15,Treated,10,3088,0.72,0.81,0.79,0.58,0.38,0.41,0.43,0.77
16BYD00217,2,3,16,8,KS081098-K-2,Rocky,9/17/15,Treated,10,3273,0.7,0.8,0.74,0.72,0.48,0.51,0.58,0.77
16BYD00218,2,3,16,7,KS080051-M-1,Rocky,9/17/15,Treated,5,3959,0.69,0.71,0.74,0.73,0.37,0.39,0.46,0.79
16BYD00219,2,3,16,6,KS080363-M-1,Rocky,9/17/15,Treated,10,3904,0.7,0.71,0.75,0.71,0.39,0.43,0.43,0.76
16BYD00220,2,3,16,5,KS10DH0003-12,Rocky,9/17/15,Treated,5,4408,0.78,0.72,0.71,0.69,0.36,0.33,0.37,0.76
16BYD00221,2,3,16,4,KS081067-M-15,Rocky,9/17/15,Treated,5,3277,0.68,0.7,0.64,0.6,0.38,0.39,0.42,0.75
16BYD00222,2,3,16,3,WB4458,Rocky,9/17/15,Treated,5,4178,0.59,0.63,0.6,0.62,0.34,0.3,0.4,0.76
16BYD00223,2,3,16,2,HOTROD,Rocky,9/17/15,Treated,5,3347,0.58,0.68,0.57,0.5,0.37,0.36,0.38,0.76
16BYD00224,2,3,16,1,KS080597-M-4,Rocky,9/17/15,Treated,5,3512,0.64,0.74,0.71,0.7,0.35,0.34,0.39,0.76
16BYD00225,2,3,17,1,KS10DH0003-89,Rocky,9/17/15,Treated,5,2647,0.8,0.56,0.67,0.58,0.35,0.32,0.39,0.76
16BYD00226,2,3,17,2,KS10DH0003-107,Rocky,9/17/15,Treated,5,3687,0.77,0.58,0.71,0.66,0.36,0.36,0.39,0.76
16BYD00227,2,3,17,3,KS080988-M-6,Rocky,9/17/15,Treated,5,3047,0.61,0.64,0.65,0.64,0.37,0.31,0.39,0.76
16BYD00228,2,3,17,4,KS081069-M-5,Rocky,9/17/15,Treated,10,4376,0.75,0.7,0.79,0.68,0.35,0.33,0.37,0.76
16BYD00229,2,3,17,5,SY-MONUMENT,Rocky,9/17/15,Treated,5,4232,0.79,0.74,0.66,0.63,0.35,0.33,0.4,0.76
16BYD00230,2,3,17,6,KS080554-K-2,Rocky,9/17/15,Treated,5,4314,0.77,0.73,0.63,0.69,0.4,0.45,0.5,0.76
16BYD00231,2,3,17,7,KS080581-K-1,Rocky,9/17/15,Treated,5,3366,0.84,0.81,0.77,0.7,0.38,0.39,0.45,0.76
16BYD00232,2,3,17,8,KANMARK,Rocky,9/17/15,Treated,5,3899,0.84,0.73,0.71,0.7,0.37,0.36,0.37,0.75
16BYD00233,2,3,17,9,KS081067-M-4,Rocky,9/17/15,Treated,5,2495,0.76,0.74,0.82,0.72,0.4,0.43,0.52,0.8
16BYD00234,2,3,17,10,KS080234-M-11,Rocky,9/17/15,Treated,5,4046,0.8,0.82,0.69,0.62,0.37,0.4,0.42,0.76
16BYD00235,2,3,17,11,Everest,Rocky,9/17/15,Treated,5,3203,0.75,0.7,0.77,0.75,0.37,0.4,0.44,0.79
16BYD00236,2,3,17,12,KS080932-M-3,Rocky,9/17/15,Treated,0,3043,0.73,0.81,0.62,0.71,0.38,0.4,0.39,0.76
16BYD00237,2,3,17,13,KS080382-M-17,Rocky,9/17/15,Treated,10,4172,0.72,0.55,0.62,0.61,0.37,0.34,0.39,0.76
16BYD00238,2,3,17,14,Art,Rocky,9/17/15,Treated,20,3217,0.63,0.82,0.68,0.76,0.36,0.35,0.38,0.76
16BYD00239,2,3,18,14,KS080144-M-6,Rocky,9/17/15,Treated,10,2931,0.76,0.77,0.69,0.64,0.4,0.42,0.44,0.76
16BYD00240,2,3,18,13,KS080076-M-5,Rocky,9/17/15,Treated,5,3676,0.65,0.63,0.72,0.62,0.37,0.33,0.36,0.75
16BYD00241,2,3,18,12,KS080881-K-3,Rocky,9/17/15,Treated,5,3093,0.75,0.64,0.73,0.65,0.43,0.45,0.45,0.77
16BYD00242,2,3,18,11,Everest,Rocky,9/17/15,Treated,5,3031,0.81,0.82,0.67,0.67,0.39,0.41,0.48,0.8
16BYD00243,2,3,18,10,KS080669-K-2,Rocky,9/17/15,Treated,5,3006,0.62,0.62,0.63,0.63,0.39,0.37,0.43,0.73
16BYD00244,2,3,18,9,KS10DH0068-9,Rocky,9/17/15,Treated,5,1026,0.74,0.65,0.61,0.68,0.37,0.36,0.42,0.76
16BYD00245,2,3,18,8,KS080655-M-2,Rocky,9/17/15,Treated,0,4737,0.69,0.82,0.81,0.76,0.4,0.45,0.48,0.76
16BYD00246,2,3,18,7,Art,Rocky,9/17/15,Treated,5,5862,0.68,0.73,0.62,0.72,0.36,0.33,0.41,0.76
16BYD00247,2,3,18,6,KS10DL0072-15,Rocky,9/17/15,Treated,0,3620,0.77,0.78,0.8,0.71,0.37,0.39,0.44,0.76
16BYD00248,2,3,18,5,KS080698-M-10,Rocky,9/17/15,Treated,5,4980,0.61,0.68,0.7,0.76,0.36,0.34,0.39,0.78
16BYD00249,2,3,18,4,KS080261-K-3,Rocky,9/17/15,Treated,0,4021,0.69,0.77,0.63,0.72,0.37,0.36,0.38,0.76
16BYD00250,2,3,18,3,KS080655-M-4,Rocky,9/17/15,Treated,0,4158,0.66,0.66,0.62,0.57,0.34,0.3,0.37,0.76
16BYD00251,2,3,18,2,KS10DH0084-2,Rocky,9/17/15,Treated,20,3131,0.65,0.77,0.74,0.51,0.35,0.33,0.37,0.76
16BYD00252,2,3,18,1,KS080080-M-17,Rocky,9/17/15,Treated,15,3854,0.7,0.71,0.7,0.65,0.37,0.38,0.42,0.76
16BYD00253,2,4,1,15,KS081069-M-5,Rocky,9/17/15,Untreated,10,3584,0.83,NA,0.75,0.67,0.38,NA,0.46,0.76
16BYD00254,2,4,1,16,KS080159-M-1,Rocky,9/17/15,Untreated,30,3236,0.85,NA,0.79,0.7,0.42,NA,0.51,0.76
16BYD00255,2,4,1,17,KS080261-K-3,Rocky,9/17/15,Untreated,25,3557,0.77,0.86,0.83,0.74,0.45,0.48,0.54,0.82
16BYD00256,2,4,1,18,KS080099-M-9,Rocky,9/17/15,Untreated,0,2197,0.74,0.84,0.72,0.78,0.41,0.43,0.49,0.79
16BYD00257,2,4,1,19,Art,Rocky,9/17/15,Untreated,40,2902,0.76,0.83,0.73,0.71,0.37,0.34,0.39,0.76
16BYD00258,2,4,1,20,KS10DH0003-107,Rocky,9/17/15,Untreated,10,3593,0.83,0.69,0.78,0.68,0.36,0.33,0.37,0.76
16BYD00259,2,4,1,21,LCS-PISTOL,Rocky,9/17/15,Untreated,10,3467,0.72,0.74,0.79,0.75,0.38,0.41,0.46,0.76
16BYD00260,2,4,1,22,KS080881-K-3,Rocky,9/17/15,Untreated,35,2860,0.81,0.76,0.6,0.73,0.39,0.45,0.45,0.77
16BYD00261,2,4,1,23,KS080669-K-2,Rocky,9/17/15,Untreated,15,3423,0.5,0.58,0.52,0.59,0.45,0.45,0.49,0.75
16BYD00262,2,4,1,24,KS080655-K-2,Rocky,9/17/15,Untreated,15,3125,0.74,0.76,0.77,0.72,0.38,0.43,0.48,0.8
16BYD00263,2,4,1,25,KSOCW07S031T-K-14,Rocky,9/17/15,Untreated,20,2498,0.75,0.77,0.77,0.72,0.36,0.37,0.38,0.76
16BYD00264,2,4,1,26,KS080581-K-1,Rocky,9/17/15,Untreated,35,3750,0.68,0.77,0.65,0.71,0.38,0.39,0.41,0.76
16BYD00265,2,4,1,27,Everest,Rocky,9/17/15,Untreated,10,3679,0.84,0.76,0.76,0.76,0.39,0.41,0.47,0.8
16BYD00266,2,4,1,28,KS080076-M-5,Rocky,9/17/15,Untreated,15,3720,0.62,0.69,0.61,0.71,0.39,0.4,0.38,0.74
16BYD00267,2,4,2,28,KS081079-K-6,Rocky,9/17/15,Untreated,20,1965,0.84,0.71,0.75,0.72,0.37,0.41,0.43,0.76
16BYD00268,2,4,2,27,KS080030-M-10,Rocky,9/17/15,Untreated,25,3720,0.87,0.78,0.69,0.71,0.47,0.48,0.54,0.8
16BYD00269,2,4,2,26,KS080093-M-1,Rocky,9/17/15,Untreated,30,1831,0.72,0.76,0.78,0.77,0.37,0.38,0.41,0.77
16BYD00270,2,4,2,25,Art,Rocky,9/17/15,Untreated,45,2808,0.6,0.71,0.7,0.64,0.36,0.34,0.39,0.74
16BYD00271,2,4,2,24,KS080144-M-6,Rocky,9/17/15,Untreated,25,2735,0.84,0.76,0.73,0.7,0.45,0.51,0.47,0.77
16BYD00272,2,4,2,23,KS080999-M-4,Rocky,9/17/15,Untreated,10,3528,0.66,0.81,0.66,0.75,0.37,0.38,0.44,0.76
16BYD00273,2,4,2,22,KS080128-K-3,Rocky,9/17/15,Untreated,20,3185,0.84,0.83,0.73,0.63,0.4,0.43,0.49,0.79
16BYD00274,2,4,2,21,KS081057-K-1,Rocky,9/17/15,Untreated,10,4031,0.8,0.86,0.77,0.7,0.38,0.42,0.45,0.79
16BYD00275,2,4,2,20,KS10DH0003-89,Rocky,9/17/15,Untreated,10,3274,0.84,0.75,0.65,0.72,0.37,0.39,0.44,0.76
16BYD00276,2,4,2,19,KS080655-M-4,Rocky,9/17/15,Untreated,35,3225,0.72,0.72,0.75,0.57,0.37,0.41,0.46,0.76
16BYD00277,2,4,2,18,KS10DH0068-3,Rocky,9/17/15,Untreated,40,1454,0.85,0.82,0.74,0.63,0.38,0.4,0.43,0.76
16BYD00278,2,4,2,17,KS080363-M-1,Rocky,9/17/15,Untreated,20,3707,0.77,0.74,0.66,0.65,0.4,0.41,0.44,0.76
16BYD00279,2,4,2,16,Everest,Rocky,9/17/15,Untreated,5,3484,0.79,NA,0.67,0.75,0.4,NA,0.51,0.76
16BYD00280,2,4,2,15,KS080099-M-3,Rocky,9/17/15,Untreated,5,4513,0.81,NA,0.61,0.77,0.38,NA,0.46,0.77
16BYD00281,2,4,3,15,Art,Rocky,9/17/15,Untreated,60,2648,0.77,NA,0.76,0.69,0.34,NA,0.39,0.75
16BYD00282,2,4,3,16,KS10DH0084-2,Rocky,9/17/15,Untreated,40,2572,0.78,NA,0.79,0.73,0.37,NA,0.36,0.75
16BYD00283,2,4,3,17,KS081078-M-3,Rocky,9/17/15,Untreated,40,2307,0.75,0.67,0.73,0.69,0.37,0.38,0.44,0.75
16BYD00284,2,4,3,18,KS10DL0072-15,Rocky,9/17/15,Untreated,45,3010,0.63,0.71,0.66,0.64,0.39,0.43,0.5,0.76
16BYD00285,2,4,3,19,KS080655-M-2,Rocky,9/17/15,Untreated,35,3368,0.81,0.82,0.72,0.77,0.42,0.43,0.49,0.77
16BYD00286,2,4,3,20,KS081098-K-3,Rocky,9/17/15,Untreated,25,2931,0.67,0.79,0.78,0.66,0.38,0.41,0.44,0.76
16BYD00287,2,4,3,21,Everest,Rocky,9/17/15,Untreated,15,3316,0.85,0.72,0.71,0.63,0.41,0.43,0.47,0.76
16BYD00288,2,4,3,22,KS080051-M-1,Rocky,9/17/15,Untreated,35,3085,0.8,0.72,0.82,0.78,0.4,0.4,0.42,0.76
16BYD00289,2,4,3,23,KS080906-M-3,Rocky,9/17/15,Untreated,10,3384,0.7,0.82,0.76,0.64,0.38,0.39,0.43,0.8
16BYD00290,2,4,3,24,KS10DH0084-7,Rocky,9/17/15,Untreated,30,2805,0.74,0.85,0.76,0.65,0.37,0.37,0.39,0.76
16BYD00291,2,4,3,25,KS080679-K-3,Rocky,9/17/15,Untreated,15,3231,0.83,0.8,0.8,0.73,0.37,0.42,0.42,0.77
16BYD00292,2,4,3,26,KS10DH0084-42,Rocky,9/17/15,Untreated,15,3364,0.75,0.75,0.74,0.7,0.36,0.38,0.38,0.76
16BYD00293,2,4,3,27,KS080045-M-1,Rocky,9/17/15,Untreated,15,3072,0.79,0.72,0.68,0.77,0.37,0.34,0.37,0.76
16BYD00294,2,4,3,28,KS080554-K-4,Rocky,9/17/15,Untreated,20,2944,0.79,0.8,0.75,0.68,0.39,0.44,0.44,0.76
16BYD00295,2,4,4,28,WB4458,Rocky,9/17/15,Untreated,10,4324,0.66,0.77,0.72,0.79,0.36,0.37,0.41,0.8
16BYD00296,2,4,4,27,KS080234-M-11,Rocky,9/17/15,Untreated,25,1946,0.83,0.76,0.74,0.72,0.39,0.41,0.45,0.78
16BYD00297,2,4,4,26,KS080093-K-18,Rocky,9/17/15,Untreated,30,2978,0.79,0.8,0.77,0.75,0.37,0.37,0.38,0.76
16BYD00298,2,4,4,25,Everest,Rocky,9/17/15,Untreated,10,3626,0.88,0.85,0.83,0.76,0.4,0.43,0.5,0.78
16BYD00299,2,4,4,24,KS080080-M-17,Rocky,9/17/15,Untreated,30,1685,0.81,0.74,0.75,0.63,0.42,0.46,0.47,0.76
16BYD00300,2,4,4,23,KS080698-M-10,Rocky,9/17/15,Untreated,20,3109,0.64,0.76,0.72,0.7,0.38,0.4,0.46,0.79
16BYD00301,2,4,4,22,KS080597-M-4,Rocky,9/17/15,Untreated,35,2444,0.69,0.82,0.68,0.72,0.42,0.45,0.5,0.76
16BYD00302,2,4,4,21,Art,Rocky,9/17/15,Untreated,65,2381,0.69,0.84,0.7,0.69,0.37,0.41,0.45,0.76
16BYD00303,2,4,4,20,KS10DH0003-12,Rocky,9/17/15,Untreated,20,3087,0.78,0.68,0.57,0.67,0.37,0.35,0.4,0.76
16BYD00304,2,4,4,19,KS081067-M-4,Rocky,9/17/15,Untreated,25,2862,0.77,0.78,0.81,0.72,0.41,0.43,0.45,0.82
16BYD00305,2,4,4,18,LCS-MINT,Rocky,9/17/15,Untreated,15,1977,0.86,0.84,0.79,0.75,0.39,0.4,0.44,0.76
16BYD00306,2,4,4,17,LCS-WIZARD,Rocky,9/17/15,Untreated,15,4927,0.69,0.81,0.71,0.65,0.37,0.39,0.42,0.76
16BYD00307,2,4,4,16,KS080988-M-6,Rocky,9/17/15,Untreated,15,2713,0.72,NA,0.63,0.7,0.37,NA,0.4,0.76
16BYD00308,2,4,4,15,KS081067-M-15,Rocky,9/17/15,Untreated,15,2624,0.7,NA,0.64,0.66,0.42,NA,0.46,0.76
16BYD00309,2,4,5,15,KS081078-M-6,Rocky,9/17/15,Untreated,20,2744,0.83,NA,0.75,0.73,0.37,NA,0.45,0.8
16BYD00310,2,4,5,16,KS081098-M-7,Rocky,9/17/15,Untreated,35,3179,0.76,NA,0.65,0.68,0.4,NA,0.47,0.76
16BYD00311,2,4,5,17,KANMARK,Rocky,9/17/15,Untreated,5,3149,0.81,0.79,0.71,0.64,0.35,0.3,0.36,0.75
16BYD00312,2,4,5,18,SY-MONUMENT,Rocky,9/17/15,Untreated,25,3781,0.73,0.81,0.77,0.75,0.37,0.37,0.45,0.76
16BYD00313,2,4,5,19,KS080448-K-1,Rocky,9/17/15,Untreated,30,4360,0.77,0.79,0.75,0.67,0.4,0.45,0.48,0.82
16BYD00314,2,4,5,20,KS080099-M-4,Rocky,9/17/15,Untreated,15,4094,0.76,0.84,0.79,0.76,0.42,0.47,0.53,0.78
16BYD00315,2,4,5,21,KS080932-M-3,Rocky,9/17/15,Untreated,20,2449,0.64,0.68,0.64,0.67,0.43,0.45,0.46,0.76
16BYD00316,2,4,5,22,KS080942-K-3,Rocky,9/17/15,Untreated,25,5479,0.74,0.72,0.81,0.75,0.38,0.44,0.45,0.76
16BYD00317,2,4,5,23,KS080426-M-7,Rocky,9/17/15,Untreated,40,3170,0.77,0.76,0.79,0.72,0.39,0.44,0.5,0.78
16BYD00318,2,4,5,24,KS080093-M-18,Rocky,9/17/15,Untreated,30,3028,0.86,0.76,0.74,0.75,0.4,0.45,0.45,0.76
16BYD00319,2,4,5,25,Art,Rocky,9/17/15,Untreated,55,1772,0.79,0.73,0.76,0.57,0.37,0.37,0.41,0.76
16BYD00320,2,4,5,26,KS080382-K-8,Rocky,9/17/15,Untreated,25,3631,0.75,0.77,0.75,0.65,0.37,0.43,0.4,0.76
16BYD00321,2,4,5,27,Everest,Rocky,9/17/15,Untreated,10,3115,0.71,0.82,0.79,0.7,0.4,0.43,0.47,0.81
16BYD00322,2,4,5,28,KS080080-M-14,Rocky,9/17/15,Untreated,30,3188,0.82,0.79,0.69,0.67,0.45,0.49,0.5,0.76
16BYD00323,2,4,6,28,KS10DH0068-9,Rocky,9/17/15,Untreated,20,1465,0.84,0.83,0.7,0.65,0.37,0.4,0.4,0.76
16BYD00324,2,4,6,27,V-1863,Rocky,9/17/15,Untreated,20,3076,0.82,0.68,0.68,0.71,0.38,0.36,0.42,0.79
16BYD00325,2,4,6,26,KS080382-M-17,Rocky,9/17/15,Untreated,10,2352,0.64,0.76,0.72,0.69,0.36,0.35,0.38,0.76
16BYD00326,2,4,6,25,KS081079-K-9,Rocky,9/17/15,Untreated,15,2967,0.63,0.68,0.71,0.74,0.36,0.36,0.43,0.77
16BYD00327,2,4,6,24,KS080554-K-2,Rocky,9/17/15,Untreated,10,3483,0.83,0.85,0.69,0.68,0.42,0.45,0.49,0.78
16BYD00328,2,4,6,23,KS080139-K-5,Rocky,9/17/15,Untreated,20,3494,0.66,0.79,0.7,0.72,0.45,0.51,0.51,0.84
16BYD00329,2,4,6,22,T158,Rocky,9/17/15,Untreated,30,2186,0.81,0.81,0.72,0.73,0.37,0.41,0.43,0.77
16BYD00330,2,4,6,21,KS080851-K-1,Rocky,9/17/15,Untreated,25,2598,0.64,0.84,0.67,0.7,0.37,0.41,0.41,0.8
16BYD00331,2,4,6,20,Everest,Rocky,9/17/15,Untreated,15,3391,0.79,0.71,0.78,0.75,0.4,0.47,0.49,0.76
16BYD00332,2,4,6,19,HOTROD,Rocky,9/17/15,Untreated,10,3429,0.74,0.75,0.62,0.67,0.4,0.44,0.45,0.76
16BYD00333,2,4,6,18,KS081098-K-2,Rocky,9/17/15,Untreated,35,3594,0.78,0.77,0.73,0.67,0.43,0.49,0.51,0.77
16BYD00334,2,4,6,17,WB-CEDAR,Rocky,9/17/15,Untreated,15,4831,0.81,0.76,0.81,0.68,0.4,0.39,0.43,0.76
16BYD00335,2,4,6,16,KS080315-K-5,Rocky,9/17/15,Untreated,30,2736,0.82,NA,0.81,0.74,0.37,NA,0.44,0.75
16BYD00336,2,4,6,15,Art,Rocky,9/17/15,Untreated,45,2535,0.75,NA,0.65,0.72,0.37,NA,0.46,0.77
16BYD00337,3,5,7,15,KS080099-M-3,Rocky,9/17/15,Treated,5,4175,0.76,NA,0.72,0.77,0.37,NA,0.47,0.8
16BYD00338,3,5,7,16,KS080655-K-2,Rocky,9/17/15,Treated,10,2259,0.73,NA,0.77,0.72,0.44,NA,0.55,0.81
16BYD00339,3,5,7,17,Everest,Rocky,9/17/15,Treated,5,3380,0.72,0.77,0.8,0.68,0.43,0.46,0.53,0.82
16BYD00340,3,5,7,18,KS080554-K-2,Rocky,9/17/15,Treated,5,4999,0.82,0.77,0.8,0.75,0.41,0.42,0.45,0.78
16BYD00341,3,5,7,19,Art,Rocky,9/17/15,Treated,30,2717,0.68,0.77,0.73,0.77,0.37,0.38,0.39,0.77
16BYD00342,3,5,7,20,KS10DH0068-9,Rocky,9/17/15,Treated,25,3408,0.77,0.78,0.78,0.73,0.38,0.42,0.44,0.76
16BYD00343,3,5,7,21,KS080093-K-18,Rocky,9/17/15,Treated,5,6051,0.85,0.82,0.74,0.73,0.37,0.4,0.45,0.87
16BYD00344,3,5,7,22,KS080080-M-14,Rocky,9/17/15,Treated,5,3378,0.81,0.81,0.61,0.77,0.45,0.46,0.51,0.8
16BYD00345,3,5,7,23,KS081067-M-4,Rocky,9/17/15,Treated,5,2932,0.85,0.74,0.73,0.61,0.41,0.47,0.5,0.87
16BYD00346,3,5,7,24,KS10DH0068-3,Rocky,9/17/15,Treated,10,4998,0.73,0.73,0.76,0.75,0.38,0.43,0.45,0.76
16BYD00347,3,5,7,25,SY-MONUMENT,Rocky,9/17/15,Treated,5,4307,0.7,0.77,0.76,0.72,0.37,0.38,0.44,0.82
16BYD00348,3,5,7,26,KS10DH0003-107,Rocky,9/17/15,Treated,5,3849,0.8,0.81,0.77,0.8,0.38,0.36,0.4,0.78
16BYD00349,3,5,7,27,KS080076-M-5,Rocky,9/17/15,Treated,5,2885,0.84,0.74,0.66,0.73,0.38,0.35,0.38,0.76
16BYD00350,3,5,7,28,KS080851-K-1,Rocky,9/17/15,Treated,5,5019,0.87,0.84,0.71,0.75,0.38,0.43,0.43,0.81
16BYD00351,3,5,8,28,KS080128-K-3,Rocky,9/17/15,Treated,15,1772,0.8,0.84,0.79,0.8,0.41,0.46,0.51,0.84
16BYD00352,3,5,8,27,KS080597-M-4,Rocky,9/17/15,Treated,5,3142,0.78,0.81,0.74,0.63,0.43,0.45,0.5,0.76
16BYD00353,3,5,8,26,Everest,Rocky,9/17/15,Treated,5,4107,0.7,0.67,0.75,0.76,0.39,0.44,0.47,0.76
16BYD00354,3,5,8,25,KS080554-K-4,Rocky,9/17/15,Treated,5,3687,0.77,0.84,0.63,0.72,0.39,0.41,0.44,0.8
16BYD00355,3,5,8,24,KS080581-K-1,Rocky,9/17/15,Treated,5,5301,0.74,0.77,0.73,0.75,0.38,0.43,0.45,0.76
16BYD00356,3,5,8,23,KS081098-K-3,Rocky,9/17/15,Treated,5,3706,0.78,0.83,0.68,0.73,0.4,0.43,0.49,0.79
16BYD00357,3,5,8,22,KS10DL0072-15,Rocky,9/17/15,Treated,5,2998,0.73,0.82,0.84,0.68,0.43,0.45,0.52,0.8
16BYD00358,3,5,8,21,KS081057-K-1,Rocky,9/17/15,Treated,0,4042,0.71,0.79,0.68,0.7,0.41,0.48,0.53,0.92
16BYD00359,3,5,8,20,KS080942-K-3,Rocky,9/17/15,Treated,10,3820,0.79,0.82,0.77,0.78,0.42,0.49,0.49,0.82
16BYD00360,3,5,8,19,KS081069-M-5,Rocky,9/17/15,Treated,0,3768,0.84,0.83,0.7,0.77,0.37,0.37,0.42,0.86
16BYD00361,3,5,8,18,KS080234-M-11,Rocky,9/17/15,Treated,25,1330,0.79,0.7,0.76,0.71,0.38,0.39,0.44,0.78
16BYD00362,3,5,8,17,KS080093-M-1,Rocky,9/17/15,Treated,10,3286,0.81,0.85,0.71,0.72,0.38,0.4,0.49,0.85
16BYD00363,3,5,8,16,Art,Rocky,9/17/15,Treated,10,2362,0.82,NA,0.76,0.76,0.38,NA,0.48,0.78
16BYD00364,3,5,8,15,KS080906-M-3,Rocky,9/17/15,Treated,10,1648,0.71,NA,0.8,0.68,0.37,NA,0.42,0.82
16BYD00365,3,5,9,15,KS081098-M-7,Rocky,9/17/15,Treated,20,2918,0.82,NA,0.7,0.71,0.4,NA,0.45,0.76
16BYD00366,3,5,9,16,KS080655-M-2,Rocky,9/17/15,Treated,5,2565,0.74,NA,0.79,0.8,0.41,NA,0.5,0.77
16BYD00367,3,5,9,17,KS081098-K-2,Rocky,9/17/15,Treated,10,4700,0.81,0.8,0.83,0.74,0.44,0.45,0.5,0.81
16BYD00368,3,5,9,18,KS080045-M-1,Rocky,9/17/15,Treated,10,3429,0.83,0.8,0.78,0.7,0.37,0.38,0.4,0.82
16BYD00369,3,5,9,19,Art,Rocky,9/17/15,Treated,20,3782,0.81,0.78,0.7,0.63,0.37,0.41,0.41,0.81
16BYD00370,3,5,9,20,KS10DH0003-89,Rocky,9/17/15,Treated,5,3398,0.78,0.72,0.66,0.78,0.37,0.45,0.49,0.76
16BYD00371,3,5,9,21,LCS-WIZARD,Rocky,9/17/15,Treated,5,3824,0.8,0.75,0.74,0.72,0.37,0.43,0.45,0.8
16BYD00372,3,5,9,22,KS080139-K-5,Rocky,9/17/15,Treated,5,3031,0.75,0.78,0.68,0.76,0.48,0.47,0.53,0.84
16BYD00373,3,5,9,23,KS080932-M-3,Rocky,9/17/15,Treated,0,977,0.77,0.73,0.66,0.74,0.44,0.45,0.52,0.76
16BYD00374,3,5,9,24,KS10DH0003-12,Rocky,9/17/15,Treated,5,3724,0.77,0.85,0.74,0.75,0.39,0.42,0.43,0.81
16BYD00375,3,5,9,25,T158,Rocky,9/17/15,Treated,5,4188,0.84,0.82,0.63,0.66,0.37,0.4,0.47,0.76
16BYD00376,3,5,9,26,KS080382-K-8,Rocky,9/17/15,Treated,10,6741,0.81,0.8,0.64,0.74,0.37,0.36,0.37,0.76
16BYD00377,3,5,9,27,Everest,Rocky,9/17/15,Treated,5,3676,0.71,0.7,0.65,0.7,0.39,0.44,0.47,0.78
16BYD00378,3,5,9,28,KS080261-K-3,Rocky,9/17/15,Treated,5,4647,0.77,0.8,0.71,0.8,0.39,0.47,0.51,0.8
16BYD00379,3,5,10,28,KANMARK,Rocky,9/17/15,Treated,5,5099,0.72,0.81,0.78,0.76,0.37,0.37,0.38,0.76
16BYD00380,3,5,10,27,KS10DH0084-7,Rocky,9/17/15,Treated,5,4227,0.67,0.77,0.7,0.73,0.37,0.33,0.4,0.8
16BYD00381,3,5,10,26,WB-CEDAR,Rocky,9/17/15,Treated,5,5418,0.8,0.81,0.61,0.76,0.39,0.44,0.46,0.76
16BYD00382,3,5,10,25,Art,Rocky,9/17/15,Treated,5,3784,0.77,0.68,0.76,0.68,0.36,0.33,0.39,0.78
16BYD00383,3,5,10,24,KS081067-M-15,Rocky,9/17/15,Treated,5,2356,0.78,0.74,0.76,0.73,0.4,0.42,0.48,0.78
16BYD00384,3,5,10,23,Everest,Rocky,9/17/15,Treated,5,3448,0.71,0.83,0.61,0.58,0.39,0.44,0.47,0.85
16BYD00385,3,5,10,22,KS080093-M-18,Rocky,9/17/15,Treated,0,4336,0.84,0.76,0.74,0.81,0.39,0.43,0.46,0.76
16BYD00386,3,5,10,21,LCS-MINT,Rocky,9/17/15,Treated,0,5779,0.78,0.77,0.76,0.7,0.37,0.37,0.4,0.79
16BYD00387,3,5,10,20,KS080315-K-5,Rocky,9/17/15,Treated,5,3523,0.86,0.83,0.78,0.77,0.37,0.41,0.48,0.77
16BYD00388,3,5,10,19,V-1863,Rocky,9/17/15,Treated,5,2442,0.73,0.71,0.75,0.73,0.38,0.4,0.41,0.76
16BYD00389,3,5,10,18,KS080030-M-10,Rocky,9/17/15,Treated,5,3566,0.72,0.85,0.69,0.79,0.49,0.51,0.54,0.84
16BYD00390,3,5,10,17,KS080382-M-17,Rocky,9/17/15,Treated,5,4326,0.71,0.67,0.62,0.71,0.38,0.43,0.44,0.76
16BYD00391,3,5,10,16,KS080669-K-2,Rocky,9/17/15,Treated,5,3184,0.62,NA,0.74,0.75,0.41,NA,0.44,0.74
16BYD00392,3,5,10,15,KS081079-K-9,Rocky,9/17/15,Treated,5,3191,0.77,NA,0.78,0.73,0.37,NA,0.47,0.78
16BYD00393,3,5,11,15,Everest,Rocky,9/17/15,Treated,5,3138,0.79,NA,0.76,0.73,0.39,NA,0.46,0.76
16BYD00394,3,5,11,16,KS10DH0084-2,Rocky,9/17/15,Treated,10,3119,0.77,NA,0.74,0.67,0.37,NA,0.38,0.76
16BYD00395,3,5,11,17,KS080679-K-3,Rocky,9/17/15,Treated,5,1855,0.79,0.81,0.8,0.73,0.4,0.42,0.47,0.76
16BYD00396,3,5,11,18,Art,Rocky,9/17/15,Treated,15,6261,0.8,0.71,0.8,0.79,0.39,0.43,0.43,0.76
16BYD00397,3,5,11,19,KS10DH0084-42,Rocky,9/17/15,Treated,10,1039,0.68,0.72,0.67,0.69,0.36,0.33,0.39,0.76
16BYD00398,3,5,11,20,KS080426-M-7,Rocky,9/17/15,Treated,5,2647,0.75,0.83,0.74,0.71,0.41,0.45,0.47,0.76
16BYD00399,3,5,11,21,KS080099-M-9,Rocky,9/17/15,Treated,5,3579,0.85,0.85,0.82,0.66,0.39,0.42,0.48,0.81
16BYD00400,3,5,11,22,KS081079-K-6,Rocky,9/17/15,Treated,5,4553,0.76,0.82,0.82,0.78,0.36,0.39,0.39,0.8
16BYD00401,3,5,11,23,WB4458,Rocky,9/17/15,Treated,5,3718,0.82,0.64,0.54,0.73,0.35,0.3,0.37,0.77
16BYD00402,3,5,11,24,KS081078-M-6,Rocky,9/17/15,Treated,5,4657,0.65,0.69,0.63,0.8,0.37,0.34,0.37,0.77
16BYD00403,3,5,11,25,KS080051-M-1,Rocky,9/17/15,Treated,5,3807,0.71,0.83,0.78,0.7,0.37,0.4,0.45,0.88
16BYD00404,3,5,11,26,KS080655-M-4,Rocky,9/17/15,Treated,5,3393,0.71,0.69,0.69,0.69,0.37,0.34,0.37,0.76
16BYD00405,3,5,11,27,KS080999-M-4,Rocky,9/17/15,Treated,5,4432,0.79,0.81,0.71,0.71,0.37,0.35,0.38,0.8
16BYD00406,3,5,11,28,KS080881-K-3,Rocky,9/17/15,Treated,5,5117,0.86,0.67,0.74,0.79,0.44,0.5,0.51,0.87
16BYD00407,3,5,12,28,Art,Rocky,9/17/15,Treated,20,3707,0.85,0.83,0.66,0.71,0.36,0.41,0.43,0.81
16BYD00408,3,5,12,27,KS081078-M-3,Rocky,9/17/15,Treated,5,3167,0.82,0.78,0.75,0.71,0.39,0.4,0.48,0.82
16BYD00409,3,5,12,26,KS080988-M-6,Rocky,9/17/15,Treated,5,2297,0.73,0.79,0.78,0.78,0.37,0.36,0.43,0.79
16BYD00410,3,5,12,25,KS080099-M-4,Rocky,9/17/15,Treated,0,4341,0.79,0.65,0.76,0.7,0.37,0.32,0.41,0.77
16BYD00411,3,5,12,24,KS080698-M-10,Rocky,9/17/15,Treated,5,5083,0.83,0.77,0.74,0.71,0.39,0.45,0.51,0.88
16BYD00412,3,5,12,23,KS080363-M-1,Rocky,9/17/15,Treated,10,3236,0.76,0.72,0.64,0.67,0.37,0.36,0.44,0.76
16BYD00413,3,5,12,22,KS080159-M-1,Rocky,9/17/15,Treated,5,4246,0.75,0.82,0.69,0.76,0.4,0.44,0.51,0.78
16BYD00414,3,5,12,21,KS080080-M-17,Rocky,9/17/15,Treated,5,2984,0.79,0.74,0.71,0.72,0.4,0.44,0.45,0.76
16BYD00415,3,5,12,20,KS080448-K-1,Rocky,9/17/15,Treated,5,6287,0.85,0.76,0.7,0.79,0.38,0.47,0.51,0.81
16BYD00416,3,5,12,19,KSOCW07S031T-K-14,Rocky,9/17/15,Treated,5,4665,0.8,0.82,0.78,0.77,0.39,0.4,0.46,0.77
16BYD00417,3,5,12,18,LCS-PISTOL,Rocky,9/17/15,Treated,5,3546,0.84,0.77,0.73,0.7,0.4,0.44,0.43,0.76
16BYD00418,3,5,12,17,Everest,Rocky,9/17/15,Treated,5,3523,0.86,0.81,0.74,0.73,0.38,0.45,0.47,0.77
16BYD00419,3,5,12,16,KS080144-M-6,Rocky,9/17/15,Treated,5,3200,0.73,NA,0.73,0.71,0.53,NA,0.53,0.76
16BYD00420,3,5,12,15,HOTROD,Rocky,9/17/15,Treated,5,1551,0.84,NA,0.75,0.65,0.37,NA,0.41,0.75
16BYD00421,3,6,13,15,KS080051-M-1,Rocky,9/17/15,Untreated,20,3715,0.8,NA,0.71,0.69,0.36,NA,0.37,0.76
16BYD00422,3,6,13,16,Art,Rocky,9/17/15,Untreated,65,2834,0.78,NA,0.6,0.67,0.37,NA,0.4,0.76
16BYD00423,3,6,13,17,KS080932-M-3,Rocky,9/17/15,Untreated,20,2818,0.82,0.79,0.77,0.66,0.39,0.42,0.45,0.76
16BYD00424,3,6,13,18,KS080261-K-3,Rocky,9/17/15,Untreated,15,3323,0.71,0.81,0.82,0.76,0.41,0.45,0.46,0.76
16BYD00425,3,6,13,19,KS081079-K-6,Rocky,9/17/15,Untreated,10,3051,0.81,0.68,0.66,0.59,0.37,0.31,0.37,0.76
16BYD00426,3,6,13,20,SY-MONUMENT,Rocky,9/17/15,Untreated,25,3642,0.82,0.79,0.69,0.71,0.34,0.29,0.36,0.75
16BYD00427,3,6,13,21,KS10DH0084-2,Rocky,9/17/15,Untreated,20,2502,0.77,0.76,0.72,0.68,0.37,0.37,0.4,0.76
16BYD00428,3,6,13,22,Everest,Rocky,9/17/15,Untreated,10,2027,0.69,0.83,0.82,0.65,0.39,0.44,0.46,0.78
16BYD00429,3,6,13,23,KS080080-M-17,Rocky,9/17/15,Untreated,30,2726,0.83,0.84,0.76,0.58,0.4,0.39,0.46,0.75
16BYD00430,3,6,13,24,KS080669-K-2,Rocky,9/17/15,Untreated,35,5076,0.53,0.56,0.54,0.55,0.37,0.33,0.36,0.57
16BYD00431,3,6,13,25,KS080655-K-2,Rocky,9/17/15,Untreated,15,3007,0.68,0.77,0.68,0.67,0.37,0.42,0.46,0.76
16BYD00432,3,6,13,26,KS080144-M-6,Rocky,9/17/15,Untreated,15,2641,0.64,0.69,0.64,0.63,0.41,0.42,0.46,0.76
16BYD00433,3,6,13,27,KS080093-M-1,Rocky,9/17/15,Untreated,15,4059,0.8,0.73,0.75,0.71,0.36,0.33,0.38,0.76
16BYD00434,3,6,13,28,KS080139-K-5,Rocky,9/17/15,Untreated,20,2321,0.7,0.67,0.64,0.6,0.39,0.41,0.42,0.76
16BYD00435,3,6,14,28,Art,Rocky,9/17/15,Untreated,60,3499,0.71,0.76,0.66,0.68,0.29,0.29,0.34,0.74
16BYD00436,3,6,14,27,KS080159-M-1,Rocky,9/17/15,Untreated,20,3328,0.78,0.71,0.73,0.58,0.38,0.38,0.44,0.76
16BYD00437,3,6,14,26,KS080597-M-4,Rocky,9/17/15,Untreated,15,3074,0.76,0.79,0.7,0.63,0.38,0.47,0.48,0.77
16BYD00438,3,6,14,25,LCS-PISTOL,Rocky,9/17/15,Untreated,10,2038,0.77,0.67,0.74,0.62,0.35,0.33,0.37,0.74
16BYD00439,3,6,14,24,KS081067-M-15,Rocky,9/17/15,Untreated,10,5030,0.69,0.81,0.83,0.69,0.37,0.43,0.39,0.76
16BYD00440,3,6,14,23,Everest,Rocky,9/17/15,Untreated,5,3417,0.76,0.66,0.56,0.69,0.34,0.32,0.38,0.76
16BYD00441,3,6,14,22,KS080099-M-4,Rocky,9/17/15,Untreated,10,3306,0.77,0.79,0.68,0.74,0.38,0.4,0.42,0.76
16BYD00442,3,6,14,21,KS080076-M-5,Rocky,9/17/15,Untreated,15,1623,0.73,0.68,0.75,0.54,0.37,0.38,0.4,0.74
16BYD00443,3,6,14,20,KS080655-M-4,Rocky,9/17/15,Untreated,35,3646,0.63,0.74,0.69,0.62,0.37,0.32,0.36,0.75
16BYD00444,3,6,14,19,KS080093-M-18,Rocky,9/17/15,Untreated,20,5135,0.75,0.83,0.77,0.72,0.37,0.35,0.4,0.76
16BYD00445,3,6,14,18,KS080679-K-3,Rocky,9/17/15,Untreated,10,2889,0.85,0.77,0.63,0.75,0.37,0.37,0.41,0.76
16BYD00446,3,6,14,17,KS080851-K-1,Rocky,9/17/15,Untreated,15,2664,0.67,0.68,0.67,0.68,0.36,0.34,0.36,0.78
16BYD00447,3,6,14,16,KS081069-M-5,Rocky,9/17/15,Untreated,20,4630,0.68,NA,0.62,0.69,0.38,NA,0.4,0.76
16BYD00448,3,6,14,15,KS10DH0068-3,Rocky,9/17/15,Untreated,15,2234,0.73,NA,0.64,0.61,0.34,NA,0.36,0.75
16BYD00449,3,6,15,15,KS080448-K-1,Rocky,9/17/15,Untreated,15,4397,0.76,NA,0.79,0.69,0.37,NA,0.42,0.77
16BYD00450,3,6,15,16,WB4458,Rocky,9/17/15,Untreated,10,1965,0.74,NA,0.57,0.74,0.35,NA,0.36,0.76
16BYD00451,3,6,15,17,Art,Rocky,9/17/15,Untreated,50,1855,0.81,0.75,0.76,0.62,0.37,0.34,0.38,0.76
16BYD00452,3,6,15,18,KS080030-M-10,Rocky,9/17/15,Untreated,35,2590,0.74,0.73,0.83,0.66,0.47,0.5,0.51,0.77
16BYD00453,3,6,15,19,KS080906-M-3,Rocky,9/17/15,Untreated,30,1454,0.74,0.75,0.7,0.69,0.33,0.31,0.36,0.76
16BYD00454,3,6,15,20,Everest,Rocky,9/17/15,Untreated,5,3758,0.86,0.7,0.77,0.75,0.38,0.39,0.43,0.76
16BYD00455,3,6,15,21,KS080655-M-2,Rocky,9/17/15,Untreated,15,3138,0.71,0.82,0.72,0.57,0.37,0.39,0.43,0.76
16BYD00456,3,6,15,22,KS10DH0068-9,Rocky,9/17/15,Untreated,20,1551,0.75,0.7,0.7,0.72,0.35,0.34,0.38,0.76
16BYD00457,3,6,15,23,KS080581-K-1,Rocky,9/17/15,Untreated,10,4318,0.69,0.82,0.71,0.66,0.36,0.31,0.36,0.76
16BYD00458,3,6,15,24,LCS-WIZARD,Rocky,9/17/15,Untreated,15,4137,0.77,0.69,0.65,0.71,0.36,0.38,0.37,0.76
16BYD00459,3,6,15,25,KS10DH0003-89,Rocky,9/17/15,Untreated,25,3047,0.8,0.76,0.75,0.68,0.37,0.34,0.39,0.76
16BYD00460,3,6,15,26,KS080093-K-18,Rocky,9/17/15,Untreated,40,3677,0.82,0.79,0.56,0.67,0.31,0.29,0.35,0.76
16BYD00461,3,6,15,27,KS080988-M-6,Rocky,9/17/15,Untreated,25,3039,0.65,0.8,0.67,0.67,0.37,0.32,0.38,0.76
16BYD00462,3,6,15,28,KS10DH0084-7,Rocky,9/17/15,Untreated,25,3212,0.81,0.84,0.81,0.61,0.34,0.32,0.37,0.76
16BYD00463,3,6,16,28,KS10DL0072-15,Rocky,9/17/15,Untreated,35,3094,0.63,0.69,0.69,0.7,0.37,0.32,0.37,0.75
16BYD00464,3,6,16,27,KS10DH0003-12,Rocky,9/17/15,Untreated,15,3942,0.66,0.72,0.74,0.7,0.36,0.33,0.37,0.76
16BYD00465,3,6,16,26,HOTROD,Rocky,9/17/15,Untreated,15,3588,0.88,0.75,0.72,0.67,0.37,0.36,0.37,0.76
16BYD00466,3,6,16,25,KS080554-K-4,Rocky,9/17/15,Untreated,25,3124,0.84,0.78,0.75,0.64,0.37,0.38,0.4,0.76
16BYD00467,3,6,16,24,V-1863,Rocky,9/17/15,Untreated,15,1979,0.77,0.75,0.61,0.78,0.39,0.4,0.44,0.76
16BYD00468,3,6,16,23,KS081057-K-1,Rocky,9/17/15,Untreated,20,2038,0.74,0.69,0.73,0.7,0.36,0.33,0.37,0.76
16BYD00469,3,6,16,22,KS081079-K-9,Rocky,9/17/15,Untreated,25,2647,0.68,0.8,0.77,0.69,0.35,0.34,0.37,0.76
16BYD00470,3,6,16,21,Everest,Rocky,9/17/15,Untreated,5,1934,0.83,0.76,0.78,0.64,0.37,0.39,0.41,0.76
16BYD00471,3,6,16,20,KS080363-M-1,Rocky,9/17/15,Untreated,40,3029,0.72,0.76,0.62,0.68,0.37,0.33,0.36,0.75
16BYD00472,3,6,16,19,KS080099-M-9,Rocky,9/17/15,Untreated,5,3110,0.84,0.76,0.79,0.77,0.38,0.4,0.46,0.78
16BYD00473,3,6,16,18,KS081098-K-3,Rocky,9/17/15,Untreated,30,4072,0.69,0.78,0.65,0.68,0.38,0.41,0.41,0.76
16BYD00474,3,6,16,17,Art,Rocky,9/17/15,Untreated,55,3004,0.71,0.79,0.67,0.65,0.37,0.38,0.4,0.76
16BYD00475,3,6,16,16,KS080999-M-4,Rocky,9/17/15,Untreated,15,3641,0.7,NA,0.75,0.64,0.37,NA,0.39,0.76
16BYD00476,3,6,16,15,KS080382-M-17,Rocky,9/17/15,Untreated,10,4132,0.8,NA,0.63,0.71,0.37,NA,0.37,0.76
16BYD00477,3,6,17,15,KS080942-K-3,Rocky,9/17/15,Untreated,25,2986,0.74,NA,0.7,0.69,0.37,NA,0.44,0.76
16BYD00478,3,6,17,16,T158,Rocky,9/17/15,Untreated,25,3104,0.86,NA,0.74,0.72,0.37,NA,0.41,0.76
16BYD00479,3,6,17,17,Art,Rocky,9/17/15,Untreated,40,2634,0.78,0.78,0.76,0.62,0.37,0.33,0.39,0.76
16BYD00480,3,6,17,18,KS081098-K-2,Rocky,9/17/15,Untreated,60,2607,0.83,0.73,0.77,0.68,0.44,0.44,0.45,0.77
16BYD00481,3,6,17,19,KS10DH0084-42,Rocky,9/17/15,Untreated,40,1001,0.71,0.72,0.63,0.59,0.36,0.34,0.39,0.75
16BYD00482,3,6,17,20,KS081098-M-7,Rocky,9/17/15,Untreated,30,2755,0.73,0.74,0.8,0.74,0.4,0.42,0.44,0.76
16BYD00483,3,6,17,21,WB-CEDAR,Rocky,9/17/15,Untreated,25,3560,0.74,0.71,0.66,0.69,0.38,0.4,0.43,0.76
16BYD00484,3,6,17,22,KS080881-K-3,Rocky,9/17/15,Untreated,20,3136,0.81,0.79,0.8,0.54,0.37,0.35,0.37,0.77
16BYD00485,3,6,17,23,KS081067-M-4,Rocky,9/17/15,Untreated,35,2863,0.87,0.81,0.71,0.69,0.35,0.33,0.42,0.78
16BYD00486,3,6,17,24,KS081078-M-3,Rocky,9/17/15,Untreated,45,2297,0.86,0.83,0.74,0.68,0.39,0.4,0.43,0.76
16BYD00487,3,6,17,25,KS080099-M-3,Rocky,9/17/15,Untreated,5,3717,0.75,0.69,0.75,0.74,0.37,0.35,0.45,0.8
16BYD00488,3,6,17,26,Everest,Rocky,9/17/15,Untreated,10,3865,0.74,0.64,0.77,0.72,0.38,0.4,0.42,0.79
16BYD00489,3,6,17,27,KS081078-M-6,Rocky,9/17/15,Untreated,25,3900,0.75,0.72,0.74,0.67,0.35,0.33,0.38,0.75
16BYD00490,3,6,17,28,KS080234-M-11,Rocky,9/17/15,Untreated,35,NA,0.7,0.84,0.72,0.73,0.34,0.3,0.37,0.74
16BYD00491,3,6,18,28,KSOCW07S031T-K-14,Rocky,9/17/15,Untreated,10,4602,0.86,0.73,0.8,0.75,0.35,0.33,0.37,0.76
16BYD00492,3,6,18,27,KS080128-K-3,Rocky,9/17/15,Untreated,15,2394,0.83,0.76,0.69,0.72,0.37,0.35,0.42,0.78
16BYD00493,3,6,18,26,KS080382-K-8,Rocky,9/17/15,Untreated,30,3680,0.65,0.77,0.65,0.68,0.37,0.36,0.39,0.76
16BYD00494,3,6,18,25,KS080080-M-14,Rocky,9/17/15,Untreated,35,3905,0.7,0.75,0.74,0.72,0.39,0.43,0.43,0.76
16BYD00495,3,6,18,24,Everest,Rocky,9/17/15,Untreated,5,4618,0.75,0.73,0.77,0.68,0.38,0.39,0.41,0.77
16BYD00496,3,6,18,23,KS080554-K-2,Rocky,9/17/15,Untreated,30,3385,0.79,0.83,0.74,0.68,0.35,0.34,0.38,0.76
16BYD00497,3,6,18,22,KS080045-M-1,Rocky,9/17/15,Untreated,25,4917,0.75,0.63,0.67,0.74,0.33,0.34,0.37,0.76
16BYD00498,3,6,18,21,KANMARK,Rocky,9/17/15,Untreated,5,549,0.69,0.7,0.8,0.68,0.36,0.33,0.37,0.76
16BYD00499,3,6,18,20,LCS-MINT,Rocky,9/17/15,Untreated,15,4173,0.86,0.72,0.7,0.73,0.35,0.34,0.36,0.77
16BYD00500,3,6,18,19,KS080315-K-5,Rocky,9/17/15,Untreated,25,3792,0.68,0.8,0.76,0.65,0.37,0.36,0.4,0.75
16BYD00501,3,6,18,18,Art,Rocky,9/17/15,Untreated,65,1489,0.65,0.74,0.63,0.69,0.37,0.4,0.42,0.76
16BYD00502,3,6,18,17,KS080426-M-7,Rocky,9/17/15,Untreated,40,3415,0.89,0.82,0.78,0.74,0.4,0.43,0.49,0.8
16BYD00503,3,6,18,16,KS10DH0003-107,Rocky,9/17/15,Untreated,10,3291,0.79,NA,0.77,0.71,0.37,NA,0.4,0.76
16BYD00504,3,6,18,15,KS080698-M-10,Rocky,9/17/15,Untreated,20,3247,0.71,NA,0.78,0.76,0.37,NA,0.44,0.76